L1S8	AGCTGACTAGTC
L1S57	ACACACTATGGC
L1S76	ACTACGTGTGGT
L1S105	AGTGCGATGCGT
L2S155	ACGATGCGACCA
L2S175	AGCTATCCACGA
L2S204	ATGCAGCTCAGT
L2S222	CACGTGACATGT
L3S242	ACAGTTGCGCGA
L3S294	CACGACAGGCTA
L3S313	AGTGTCACGGTG
L3S341	CAAGTGAGAGAG
L3S360	CATCGTATCAAC
L5S104	CAGTGTCAGGAC
L5S155	ATCTTAGACTGC
L5S174	CAGACATTGCGT
L5S203	CGATGCACCAGA
L5S222	CTAGAGACTCTT
L1S140	ATGGCAGCTCTA
L1S208	CTGAGATACGCG
L1S257	CCGACTGAGATG
L1S281	CCTCTCGTGATC
L2S240	CATATCGCAGTT
L2S309	CGTGCATTATCA
L2S357	CTAACGCAGTCA
L2S382	CTCAATGACTCA
L3S378	ATCGATCTGTGG
L4S63	CTCGTGGAGTAG
L4S112	GCGTTACACACA
L4S137	GAACTGTATCTC
L5S240	CTGGACTCATAG
L6S20	GAGGCTCATCAT
L6S68	GATACGTCCTGA
L6S93	GATTAGCACTCT
